Title,image,Actor,Chrater
Daybreakers,https://resizing.flixster.com/9RX2RyLiKKdblJX6q3aJBs0fHNQ=/100x120/v2/https://resizing.flixster.com/-XZAfHZM39UwaGJIFWKAE8fS0ak=/v3/t/assets/20237_v9_bb.jpg,Ethan Hawke,Edward Dalton
Leap Year,https://resizing.flixster.com/D8KEe1V1ytXIwVjEPdm3wkn99Ok=/100x120/v2/https://resizing.flixster.com/-XZAfHZM39UwaGJIFWKAE8fS0ak=/v3/t/assets/168053_v9_bb.jpg,Amy Adams,Anna
Youth in Revolt,https://resizing.flixster.com/iu3JGa2vC0D7bL0RQERaoLxBXRI=/100x120/v2/https://resizing.flixster.com/-XZAfHZM39UwaGJIFWKAE8fS0ak=/v3/t/assets/182528_v9_bb.jpg,Michael Cera,Nick Twisp
The Spy Next Door,https://resizing.flixster.com/kS_UNFparLDnHWm3ALsEg_EYd1Q=/100x120/v2/https://resizing.flixster.com/-XZAfHZM39UwaGJIFWKAE8fS0ak=/v3/t/assets/28555_v9_bc.jpg,Jackie Chan,Bob Ho
Extraordinary Measures,https://resizing.flixster.com/QiurrcojFKyNsO244t351OknRkw=/100x120/v2/https://resizing.flixster.com/-XZAfHZM39UwaGJIFWKAE8fS0ak=/v3/t/assets/71705_v9_bb.jpg,Brendan Fraser,John Crowley
The Tooth Fairy,https://resizing.flixster.com/ft3DcQcHpCueWBjoZLjE2hP1XTo=/100x120/v2/https://resizing.flixster.com/-XZAfHZM39UwaGJIFWKAE8fS0ak=/v3/t/assets/78956_v9_bc.jpg,Lochlyn Munro,Peter Campbell
To Save a Life,https://resizing.flixster.com/VXaaNvWySCI3z4IaePlu52cR1OA=/100x120/v2/https://resizing.flixster.com/-XZAfHZM39UwaGJIFWKAE8fS0ak=/v3/t/assets/450988_v9_bb.jpg,Randy Wayne,Jake Taylor
Edge of Darkness,https://resizing.flixster.com/EjaMtKxKsPtBZE6ynb7_jJEkdTM=/100x120/v2/https://resizing.flixster.com/-XZAfHZM39UwaGJIFWKAE8fS0ak=/v3/t/assets/633_v9_bd.jpg,Mel Gibson,Thomas Craven
When in Rome,https://resizing.flixster.com/m2MwG8IfvbmUVXoF5UC3TThDzlE=/100x120/v2/https://resizing.flixster.com/-XZAfHZM39UwaGJIFWKAE8fS0ak=/v3/t/assets/267864_v9_bb.jpg,Kristen Bell,Beth
Dear John,https://resizing.flixster.com/oartqn9vBMNk1DlmDR7pM46aMc4=/100x120/v2/https://resizing.flixster.com/-XZAfHZM39UwaGJIFWKAE8fS0ak=/v3/t/assets/321547_v9_ba.jpg,Channing Tatum,John Tyree
Frozen,https://images.fandango.com/cms/assets/b0cefeb0-b6a8-11ed-81d8-51a487a38835--poster-default-thumbnail.jpg,Janice Man Wing-San,Monica
From Paris With Love,https://resizing.flixster.com/uWqg7BYW-egMxmRCeeVUn7K7bRQ=/100x120/v2/https://resizing.flixster.com/-XZAfHZM39UwaGJIFWKAE8fS0ak=/v3/t/assets/1798_v9_bb.jpg,John Travolta,Charlie Wax
I Love You Phillip Morris,https://resizing.flixster.com/DSPcjyi8tnZg8mefAzwLrHn_Mbg=/100x120/v2/https://resizing.flixster.com/-XZAfHZM39UwaGJIFWKAE8fS0ak=/v3/t/assets/128650_v9_bc.jpg,Jim Carrey,Steven Russell
Percy Jackson & the Olympians: The Lightning Thief,https://resizing.flixster.com/bdsTAko361NYVMjJgKyjamnPAsY=/100x120/v2/https://resizing.flixster.com/-XZAfHZM39UwaGJIFWKAE8fS0ak=/v3/t/assets/298784_v9_bb.jpg,Logan Lerman,Percy Jackson
Shutter Island,https://resizing.flixster.com/n2i3Akk7l5zXNYNmdoQhdA6dmlU=/100x120/v2/https://resizing.flixster.com/-XZAfHZM39UwaGJIFWKAE8fS0ak=/v3/t/assets/435_v9_bc.jpg,Leonardo DiCaprio,Teddy Daniels
Cop Out,https://resizing.flixster.com/vKxq_bHdfc6M2hFO-gHo4au2-qc=/100x120/v2/https://resizing.flixster.com/-XZAfHZM39UwaGJIFWKAE8fS0ak=/v3/t/assets/9653_v9_bb.jpg,Bruce Willis,Jimmy
Green Zone,https://resizing.flixster.com/4o9TUWdAMHr3CUKCkuAwtDbwUjg=/100x120/v2/https://resizing.flixster.com/-XZAfHZM39UwaGJIFWKAE8fS0ak=/v3/t/assets/44333_v9_bc.jpg,Matt Damon,Roy Miller
She's Out of My League,https://resizing.flixster.com/6lIj-sJdNh5KQAwvYzfZJVyKkOk=/100x120/v2/https://resizing.flixster.com/-XZAfHZM39UwaGJIFWKAE8fS0ak=/v3/t/assets/167395_v9_bc.jpg,Jay Baruchel,Kirk
Our Family Wedding,https://resizing.flixster.com/ScW2LI4SFMhqqNqq_lt8eeUYMk4=/100x120/v2/https://resizing.flixster.com/-XZAfHZM39UwaGJIFWKAE8fS0ak=/v3/t/assets/248044_v9_bb.jpg,America Ferrera,Lucia Ramirez
Remember Me?,https://resizing.flixster.com/j-2l7ERtVSZSIQDl0IY-CLWfwVo=/100x120/v2/https://resizing.flixster.com/-XZAfHZM39UwaGJIFWKAE8fS0ak=/v3/t/assets/72956_v9_bb.jpg,Robert Lindsay,Jamie
The Bounty Hunter,https://resizing.flixster.com/Ka7BlP6F5cV_ySFKVYa5OLo5Pwg=/100x120/v2/https://resizing.flixster.com/-XZAfHZM39UwaGJIFWKAE8fS0ak=/v3/t/assets/73876_v9_ba.jpg,Robert Ginty,Duke Evans
Hot Tub Time Machine,https://resizing.flixster.com/2DZ3LiMH_2anuJN9IqUE46Y0uTI=/100x120/v2/https://resizing.flixster.com/-XZAfHZM39UwaGJIFWKAE8fS0ak=/v3/t/assets/387_v9_bb.jpg,John Cusack,Adam
Runaways,https://images.fandango.com/cms/assets/b0cefeb0-b6a8-11ed-81d8-51a487a38835--poster-default-thumbnail.jpg,Joseph Aguilar,K-9
Season of the Witch,https://images.fandango.com/cms/assets/b0cefeb0-b6a8-11ed-81d8-51a487a38835--poster-default-thumbnail.jpg,Beth Kingston,Alice Blackwell
Clash of the Titans,https://resizing.flixster.com/h-FzIfgg_vEMkCVlDV-s2cgHujU=/100x120/v2/https://resizing.flixster.com/-XZAfHZM39UwaGJIFWKAE8fS0ak=/v3/t/assets/218027_v9_bc.jpg,Sam Worthington,Perseus
Diary of a Wimpy Kid,https://resizing.flixster.com/MZYmnJRQ5ldxgwtq9o-5ccRKDqM=/100x120/v2/https://resizing.flixster.com/-XZAfHZM39UwaGJIFWKAE8fS0ak=/v3/t/assets/498443_v9_bb.jpg,Zachary Gordon,Greg Heffley
Furry Vengeance,https://resizing.flixster.com/QiurrcojFKyNsO244t351OknRkw=/100x120/v2/https://resizing.flixster.com/-XZAfHZM39UwaGJIFWKAE8fS0ak=/v3/t/assets/71705_v9_bb.jpg,Brendan Fraser,Dan Sanders
Repo Men,https://resizing.flixster.com/Mn-tsySfFLT0C9kmdA2m4mt2rbI=/100x120/v2/https://resizing.flixster.com/-XZAfHZM39UwaGJIFWKAE8fS0ak=/v3/t/assets/71369_v9_bb.jpg,Jude Law,Remy
Tyler Perry's Why Did I Get Married Too?,https://resizing.flixster.com/wSsC7_NdBMWoHwdOtLVdxaDRQ8o=/100x120/v2/https://resizing.flixster.com/-XZAfHZM39UwaGJIFWKAE8fS0ak=/v3/t/assets/321401_v9_bb.jpg,Tyler Perry,Terry
Date Night,https://resizing.flixster.com/4Ppp5eneSiCNWYI7jYyxRVpeztE=/100x120/v2/https://resizing.flixster.com/-XZAfHZM39UwaGJIFWKAE8fS0ak=/v3/t/assets/290995_v9_bb.jpg,Steve Carell,Phil Foster
Death at a Funeral,https://resizing.flixster.com/4IgyAJYb84egXFuCbPXmcmT8KuU=/100x120/v2/https://resizing.flixster.com/-XZAfHZM39UwaGJIFWKAE8fS0ak=/v3/t/assets/36340_v9_bc.jpg,Keith David,Rev. Davis
Kick-Ass,https://resizing.flixster.com/S_chaHC0cablMZgYPtEBqGPoDxI=/100x120/v2/https://resizing.flixster.com/-XZAfHZM39UwaGJIFWKAE8fS0ak=/v3/t/assets/263572_v9_bb.jpg,Aaron Taylor-Johnson,"Dave Lizewski,     Kick-Ass"
Machete,https://resizing.flixster.com/qTEkf3ZruOxlJWleDJRmz4lRXP8=/100x120/v2/https://resizing.flixster.com/-XZAfHZM39UwaGJIFWKAE8fS0ak=/v3/t/assets/76481_v9_bb.jpg,Danny Trejo,Machete
Oceans,https://resizing.flixster.com/puxxRbFl4uDIcTJMzXTN_RwKDcY=/100x120/v2/https://resizing.flixster.com/-XZAfHZM39UwaGJIFWKAE8fS0ak=/v3/t/assets/212_v9_bd.jpg,Pierce Brosnan,    Narrator        
A Nightmare on Elm Street,https://resizing.flixster.com/jARvpl3kHzFEOSwLPsaqgejbmXM=/100x120/v2/https://resizing.flixster.com/-XZAfHZM39UwaGJIFWKAE8fS0ak=/v3/t/assets/154405_v9_bb.jpg,Jackie Earle Haley,Freddy Krueger
Robin Hood,https://resizing.flixster.com/oRB8QyX6G9IhJgdF2uXgDjPtckg=/100x120/v2/https://resizing.flixster.com/-XZAfHZM39UwaGJIFWKAE8fS0ak=/v3/t/assets/74053_v9_bc.jpg,Russell Crowe,Robin Longstride
Takers,https://resizing.flixster.com/-aXdjJL9kj-vD-oi3V5PZruh2Cs=/100x120/v2/https://resizing.flixster.com/-XZAfHZM39UwaGJIFWKAE8fS0ak=/v3/t/assets/71375_v9_bc.jpg,Matt Dillon,Det. Jack Welles
Sex and the City 2,https://resizing.flixster.com/YMVwIL2JNPEifc16TMZ4bqfMFvI=/100x120/v2/https://resizing.flixster.com/-XZAfHZM39UwaGJIFWKAE8fS0ak=/v3/t/assets/1315_v9_bb.jpg,Sarah Jessica Parker,Carrie Bradshaw
Killers,https://images.fandango.com/cms/assets/b0cefeb0-b6a8-11ed-81d8-51a487a38835--poster-default-thumbnail.jpg,Nobuyasu Sakai,
Marmaduke,https://resizing.flixster.com/oj9RUgGm77tu7l0r0SgBQJBW4TQ=/100x120/v2/https://resizing.flixster.com/-XZAfHZM39UwaGJIFWKAE8fS0ak=/v3/t/assets/74682_v9_bb.jpg,Owen Wilson,Marmaduke    Voice        
The A-Team,https://resizing.flixster.com/jrab7FOVChCi1eYAa527F2hhpJo=/100x120/v2/https://resizing.flixster.com/-XZAfHZM39UwaGJIFWKAE8fS0ak=/v3/t/assets/1236_v9_bb.jpg,Liam Neeson,Col. Hannibal Smith
Get Him to the Greek,https://resizing.flixster.com/PAa5Bc0wR1py2_wp--eT2FuQgKc=/100x120/v2/https://resizing.flixster.com/yi4YZrPc85XC_HrOcoJDaaa5vzE=/ems.cHJkLWVtcy1hc3NldHMvY2VsZWJyaXRpZXMvZmU5NjQwM2YtNTEwZC00YWNlLWFhYTUtMTRhNjc4NTBiOTkxLmpwZw==,Jonah Hill,Aaron Green
The Karate Kid,https://resizing.flixster.com/itLp6j_vXWI4_gs7DJQuQV5GzuE=/100x120/v2/https://resizing.flixster.com/-XZAfHZM39UwaGJIFWKAE8fS0ak=/v3/t/assets/276691_v9_bd.jpg,Jaden Smith,Dre Parker
Jonah Hex,https://resizing.flixster.com/bsLzNjxl276yPjjFbWQxSEOdARU=/100x120/v2/https://resizing.flixster.com/-XZAfHZM39UwaGJIFWKAE8fS0ak=/v3/t/assets/74371_v9_bc.jpg,Josh Brolin,Jonah Hex
Toy Story 3,https://resizing.flixster.com/wEgml4MBd0QMYU1udob95W4mXyE=/100x120/v2/https://resizing.flixster.com/-XZAfHZM39UwaGJIFWKAE8fS0ak=/v3/t/assets/62982_v9_bb.jpg,Tom Hanks,Woody    Voice        
Grown Ups,https://resizing.flixster.com/HPqVlpMRBeLMQduMlI6UYIIlyMU=/100x120/v2/https://resizing.flixster.com/-XZAfHZM39UwaGJIFWKAE8fS0ak=/v3/t/assets/2255_v9_bb.jpg,Adam Sandler,Lenny Feder
The Last Airbender,https://resizing.flixster.com/MoNm5gCF57P5a8yZrS75NaWWmvI=/100x120/v2/https://resizing.flixster.com/-XZAfHZM39UwaGJIFWKAE8fS0ak=/v3/t/assets/550752_v9_ba.jpg,Noah Ringer,Aang
Despicable Me,https://resizing.flixster.com/4Ppp5eneSiCNWYI7jYyxRVpeztE=/100x120/v2/https://resizing.flixster.com/-XZAfHZM39UwaGJIFWKAE8fS0ak=/v3/t/assets/290995_v9_bb.jpg,Steve Carell,Gru    Voice        
Salt,https://resizing.flixster.com/S2KBcMaghiQo-UBlakJsSQs2kG8=/100x120/v2/https://resizing.flixster.com/-XZAfHZM39UwaGJIFWKAE8fS0ak=/v3/t/assets/150179_v9_bb.jpg,Stacy Haiduk,
Beastly,https://resizing.flixster.com/0wNx9_1A_2D44XOOGmIbDisyRGM=/100x120/v2/https://resizing.flixster.com/-XZAfHZM39UwaGJIFWKAE8fS0ak=/v3/t/assets/490362_v9_bb.jpg,Alex Pettyfer,"Kyle,     Hunter"
Cats & Dogs: The Revenge of Kitty Galore,https://resizing.flixster.com/WaWlyz631pPheh-40xEHbp7yRDk=/100x120/v2/https://resizing.flixster.com/-XZAfHZM39UwaGJIFWKAE8fS0ak=/v3/t/assets/68628_v9_bc.jpg,James Marsden,Diggs    Voice        
Little Fockers,https://resizing.flixster.com/C7n6hOb1bGNvM-VU26qEbVSMSCY=/100x120/v2/https://resizing.flixster.com/-XZAfHZM39UwaGJIFWKAE8fS0ak=/v3/t/assets/55052_v9_bc.jpg,Robert De Niro,Jack Byrnes
Morning Glory,https://resizing.flixster.com/tbOdolvI9y60YUEEoxe5WyupiMA=/100x120/v2/https://resizing.flixster.com/-XZAfHZM39UwaGJIFWKAE8fS0ak=/v3/t/assets/273505_v9_bc.jpg,Rachel McAdams,Becky Fuller
The Other Guys,https://resizing.flixster.com/4PThGQcA_nw2iuJDtuKhSWnC6XI=/100x120/v2/https://resizing.flixster.com/7fNh3rzE71cqYEtTO0omxTz9GYo=/ems.cHJkLWVtcy1hc3NldHMvY2VsZWJyaXRpZXMvOTI5ZDk2YjYtM2UwNC00OWE4LTg5ZTMtZDkxZTEzNWFjZTNkLmpwZw==,Will Ferrell,Det. Allen Gamble
Eat Pray Love,https://resizing.flixster.com/3oPHemr0-SiG-Dy4AomE1irM304=/100x120/v2/https://resizing.flixster.com/-XZAfHZM39UwaGJIFWKAE8fS0ak=/v3/t/assets/1474_v9_bb.jpg,Julia Roberts,Liz Gilbert
Ramona and Beezus,https://resizing.flixster.com/SB1OcX3V3kEFtnMA4Q0WVTr4v-0=/100x120/v2/https://resizing.flixster.com/-XZAfHZM39UwaGJIFWKAE8fS0ak=/v3/t/assets/494620_v9_bc.jpg,Joey King,Ramona Quimby
Lottery Ticket,https://resizing.flixster.com/8l9m404CpPm_N-eguS_f2LgAYxg=/100x120/v2/https://resizing.flixster.com/-XZAfHZM39UwaGJIFWKAE8fS0ak=/v3/t/assets/250995_v9_bb.jpg,"Shad ""Bow Wow"" Moss",Kevin Carson
The American,https://resizing.flixster.com/rdNw8f0VmzZVk44t710GM5AQJWQ=/100x120/v2/https://resizing.flixster.com/-XZAfHZM39UwaGJIFWKAE8fS0ak=/v3/t/assets/23213_v9_bb.jpg,George Clooney,"Jack,     Edward"
The Town,https://resizing.flixster.com/FFfE6fo3ssTHWf39ovzq8ppZQew=/100x120/v2/https://resizing.flixster.com/-XZAfHZM39UwaGJIFWKAE8fS0ak=/v3/t/assets/7530_v9_bb.jpg,Ben Affleck,Doug MacRay
Roommate,https://resizing.flixster.com/Vhb1IJkBFhD2xuE7unc-f5S8v6Y=/100x120/v2/https://resizing.flixster.com/-XZAfHZM39UwaGJIFWKAE8fS0ak=/v3/t/assets/492140_v9_bb.jpg,Keiko Kitagawa,
Flipped,https://resizing.flixster.com/YOEgHzQ3Rk8KydmWMEc-KLfpB8M=/100x120/v2/https://resizing.flixster.com/-XZAfHZM39UwaGJIFWKAE8fS0ak=/v3/t/assets/102405_v9_bc.jpg,Madeline Carroll,Juli Baker
Legend of the Guardians: The Owls of Ga'Hoole,https://resizing.flixster.com/oBUCinrpYySAikP60hcNWW8wxFc=/100x120/v2/https://resizing.flixster.com/-XZAfHZM39UwaGJIFWKAE8fS0ak=/v3/t/assets/268420_v9_bc.jpg,Jim Sturgess,Soren    Voice        
You Again,https://resizing.flixster.com/m2MwG8IfvbmUVXoF5UC3TThDzlE=/100x120/v2/https://resizing.flixster.com/-XZAfHZM39UwaGJIFWKAE8fS0ak=/v3/t/assets/267864_v9_bb.jpg,Kristen Bell,Marni
Alpha and Omega,https://resizing.flixster.com/SJSaZdj_iBXlBMuvJfCCrzHCdOo=/100x120/v2/https://resizing.flixster.com/-XZAfHZM39UwaGJIFWKAE8fS0ak=/v3/t/assets/155855_v9_ba.jpg,Justin Long,Humphrey    Voice        
Going the Distance,https://images.fandango.com/cms/assets/b0cefeb0-b6a8-11ed-81d8-51a487a38835--poster-default-thumbnail.jpg,Esther Audu,
Secretariat,https://resizing.flixster.com/F6jjFCY9uSayyW3SIiEsiwMamf4=/100x120/v2/https://resizing.flixster.com/-XZAfHZM39UwaGJIFWKAE8fS0ak=/v3/t/assets/973_v9_bb.jpg,Diane Lane,Penny Chenery
Zookeeper,https://resizing.flixster.com/Mfky44_z9uCfbo8RAaE8-FHpqcA=/100x120/v2/https://resizing.flixster.com/-XZAfHZM39UwaGJIFWKAE8fS0ak=/v3/t/assets/490690_v9_be.jpg,Kevin James,Griffin Keyes
Jackass 3,https://resizing.flixster.com/16BCIhN8bQv-n_eVeduXqGtEH-I=/100x120/v2/https://resizing.flixster.com/-XZAfHZM39UwaGJIFWKAE8fS0ak=/v3/t/assets/198743_v9_bb.jpg,Johnny Knoxville,    Self        
Due Date,https://resizing.flixster.com/5Kz793p_24A7Q6ZKN4B201L8UZo=/100x120/v2/https://resizing.flixster.com/OOPw6FXLl1dvZXrlE73jckDTzpc=/ems.cHJkLWVtcy1hc3NldHMvY2VsZWJyaXRpZXMvYTUxYzhlNTctMzg2OS00YWJjLWEwYmEtOWY1ZjE0Njg2ZWVlLmpwZw==,Robert Downey Jr.,Peter Highman
Unstoppable,https://resizing.flixster.com/PfKBuyPSfkRngTinOIAzVSzCkiU=/100x120/v2/https://resizing.flixster.com/-XZAfHZM39UwaGJIFWKAE8fS0ak=/v3/t/assets/1657_v9_bc.jpg,Wesley Snipes,Dean Cage
Burlesque,https://resizing.flixster.com/w-6jaFN39pkqQUVkhuPE144VbOI=/100x120/v2/https://resizing.flixster.com/-XZAfHZM39UwaGJIFWKAE8fS0ak=/v3/t/assets/314_v9_bc.jpg,Cher,Tess
Love & Other Drugs,https://resizing.flixster.com/sN8HUdjb0B1nddYdXMGeXu9LlQI=/100x120/v2/https://resizing.flixster.com/-XZAfHZM39UwaGJIFWKAE8fS0ak=/v3/t/assets/163510_v9_bc.jpg,Jake Gyllenhaal,Jamie Randall
The Chronicles of Narnia: The Voyage of the Dawn Treader,https://resizing.flixster.com/tpJXpDhGUjwTECSD8bZlCte75KA=/100x120/v2/https://resizing.flixster.com/-XZAfHZM39UwaGJIFWKAE8fS0ak=/v3/t/assets/485926_v9_bb.jpg,Georgie Henley,Lucy Pevensie
How Do You Know,https://resizing.flixster.com/bxS5MdCJfrUgsEtQ36C05dH3Owg=/100x120/v2/https://resizing.flixster.com/-XZAfHZM39UwaGJIFWKAE8fS0ak=/v3/t/assets/53510_v9_bb.jpg,Reese Witherspoon,Lisa
Yogi Bear,https://resizing.flixster.com/byMz9O-PYLYu2HRzT_CskaV0CFs=/100x120/v2/https://resizing.flixster.com/-XZAfHZM39UwaGJIFWKAE8fS0ak=/v3/t/assets/76_v9_ba.jpg,Dan Aykroyd,Yogi    Voice        
Life as We Know It,https://resizing.flixster.com/B8ktS7cIS97i9NfHAPb-K80c_aU=/100x120/v2/https://resizing.flixster.com/-XZAfHZM39UwaGJIFWKAE8fS0ak=/v3/t/assets/78019_v9_bc.jpg,Katherine Heigl,Holly Berenson
